date,daily_kwh,daily_bill
2007-01-14,50.130266666666664,6.015632
2007-01-15,35.8113,6.298406666666667
2007-01-16,28.106733333333334,5.168666666666667
2007-01-17,47.46146666666667,8.714643333333333
2007-01-18,30.3577,5.436623333333333
2007-01-19,24.674,4.237963333333333
2007-01-20,52.22886666666667,6.2674639999999995
2007-01-21,56.7877,6.814524
2007-01-22,36.341566666666665,6.66905
2007-01-23,29.627333333333333,5.148253333333334
2007-01-24,49.79756666666667,8.686613333333334
2007-01-25,26.605733333333333,4.831436666666667
2007-01-26,26.9662,4.70103
2007-01-27,34.06786666666667,4.088144
2007-01-28,51.5034,6.180408
2007-01-29,33.0444,6.0801066666666665
2007-01-30,28.4633,5.143660000000001
2007-01-31,39.39586666666666,7.35409
2007-02-01,30.412666666666667,5.356756666666667
2007-02-02,27.7956,4.629696666666667
2007-02-03,67.16203333333333,8.059444
2007-02-04,59.93233333333333,7.191879999999999
2007-02-05,27.421333333333333,4.97717
2007-02-06,21.224666666666668,3.8282800000000003
2007-02-07,38.8003,7.021543333333334
2007-02-08,30.023566666666667,5.377776666666667
2007-02-09,27.0033,4.66505
2007-02-10,47.15546666666667,5.658656
2007-02-11,59.520466666666664,7.142455999999999
2007-02-12,31.293499999999998,5.5720833333333335
2007-02-13,23.575766666666667,4.236586666666667
2007-02-14,41.644533333333335,7.790970000000001
2007-02-15,33.0891,5.753966666666667
2007-02-16,28.375466666666668,4.508773333333333
2007-02-17,34.6152,4.153824
2007-02-18,63.829366666666665,7.659523999999999
2007-02-19,36.44356666666667,6.384576666666667
2007-02-20,52.4988,8.31523
2007-02-21,34.5479,6.068716666666667
2007-02-22,56.15796666666667,8.870893333333333
2007-02-23,21.891333333333332,3.9818133333333336
2007-02-24,11.915366666666667,1.429844
2007-02-25,8.362333333333334,1.00348
2007-02-26,9.474733333333333,1.4563233333333334
2007-02-27,8.6352,1.4772066666666668
2007-02-28,8.679566666666666,1.4728666666666668
2007-03-01,8.626066666666667,1.3785166666666666
2007-03-02,8.5948,1.37181
2007-03-03,13.652033333333334,1.638244
2007-03-04,34.845,4.1814
2007-03-05,44.33886666666667,8.283693333333334
2007-03-06,20.775,3.7046666666666668
2007-03-07,39.58676666666667,7.15177
2007-03-08,26.2022,4.60683
2007-03-09,21.2102,3.7893000000000003
2007-03-10,41.41186666666667,4.969424
2007-03-11,58.0106,6.961272
2007-03-12,32.51113333333333,5.97999
2007-03-13,21.502399999999998,3.61674
2007-03-14,29.8894,5.2797833333333335
2007-03-15,31.413566666666668,5.657443333333333
2007-03-16,28.367566666666665,4.784836666666667
2007-03-17,33.8015,4.0561799999999995
2007-03-18,39.51743333333333,4.7420919999999995
2007-03-19,35.8753,6.44502
2007-03-20,34.770466666666664,6.12445
2007-03-21,35.70153333333333,6.119693333333333
2007-03-22,24.249633333333332,3.99744
2007-03-23,21.8168,3.6453366666666667
2007-03-24,49.47383333333333,5.936859999999999
2007-03-25,55.602066666666666,6.672248
2007-03-26,23.601366666666667,4.2080633333333335
2007-03-27,18.419,3.23365
2007-03-28,38.8983,7.182286666666667
2007-03-29,26.506766666666667,4.545753333333334
2007-03-30,23.37323333333333,4.15697
2007-03-31,58.49183333333333,7.019019999999999
2007-04-01,46.43253333333333,5.571904
2007-04-02,32.679633333333335,5.4903466666666665
2007-04-03,27.380333333333333,4.796930000000001
2007-04-04,34.1978,6.146673333333333
2007-04-05,30.734633333333335,5.498583333333333
2007-04-06,26.685666666666666,4.609046666666667
2007-04-07,25.898733333333332,3.1078479999999997
2007-04-08,26.8136,3.2176319999999996
2007-04-09,16.682,3.013736666666667
2007-04-10,12.956066666666667,2.0218266666666667
2007-04-11,14.791366666666667,2.3937166666666667
2007-04-12,8.961766666666666,1.49693
2007-04-13,9.1837,1.4868000000000001
2007-04-14,9.2378,1.108536
2007-04-15,12.102733333333333,1.4523279999999998
2007-04-16,15.873166666666666,2.745896666666667
2007-04-17,20.395566666666667,3.5203100000000003
2007-04-18,16.637433333333334,2.7935633333333336
2007-04-19,17.1443,2.982826666666667
2007-04-20,13.709666666666667,2.3423166666666666
2007-04-21,27.894266666666667,3.3473119999999996
2007-04-22,37.228566666666666,4.467428
2007-04-23,17.5761,3.0883966666666667
2007-04-24,17.201666666666668,3.01391
2007-04-25,21.069366666666667,3.6080833333333335
2007-04-26,21.257766666666665,3.813346666666667
2007-04-27,18.238866666666667,3.0405800000000003
2007-04-28,0.3789666666666667,0.045475999999999996
2007-04-30,7.0137,1.2435500000000002
2007-05-01,27.730966666666667,5.002346666666667
2007-05-02,16.724766666666667,2.6792966666666667
2007-05-03,18.170633333333335,2.8367400000000003
2007-05-04,16.635466666666666,2.83277
2007-05-05,26.050866666666668,3.1261039999999998
2007-05-06,35.035066666666665,4.2042079999999995
2007-05-07,27.3944,4.9783800000000005
2007-05-08,29.82153333333333,5.236726666666667
2007-05-09,27.762266666666665,5.00084
2007-05-10,11.798066666666667,2.053436666666667
2007-05-11,16.319233333333333,2.8354
2007-05-12,24.0261,2.883132
2007-05-13,27.245633333333334,3.269476
2007-05-14,24.463033333333332,4.345806666666666
2007-05-15,15.0732,2.571296666666667
2007-05-16,28.215733333333333,5.12919
2007-05-17,20.530266666666666,3.5840333333333336
2007-05-18,27.192166666666665,4.827823333333334
2007-05-19,23.824033333333333,2.8588839999999998
2007-05-20,32.80546666666667,3.9366559999999997
2007-05-21,18.6677,3.13849
2007-05-22,18.880866666666666,3.1858766666666667
2007-05-23,24.4156,4.349146666666667
2007-05-24,19.2398,3.3107333333333333
2007-05-25,26.903666666666666,4.7689466666666664
2007-05-26,25.204133333333335,3.024496
2007-05-27,35.8968,4.3076159999999994
2007-05-28,27.291133333333335,4.9857466666666665
2007-05-29,17.689,2.9770066666666666
2007-05-30,26.8311,4.87897
2007-05-31,15.6425,2.6438233333333336
2007-06-01,17.4153,3.0356566666666667
2007-06-02,24.739366666666665,2.968724
2007-06-03,35.133766666666666,4.2160519999999995
2007-06-04,15.193633333333333,2.6423300000000003
2007-06-05,24.314866666666667,3.9705600000000003
2007-06-06,28.2273,4.74615
2007-06-07,16.4167,2.9173633333333333
2007-06-08,35.80076666666667,6.86521
2007-06-09,17.663566666666668,2.119628
2007-06-10,22.346866666666667,2.681624
2007-06-11,13.244233333333334,2.2484633333333335
2007-06-12,15.312766666666667,2.66376
2007-06-13,15.454533333333334,2.70677
2007-06-14,20.984733333333335,3.5843433333333334
2007-06-15,16.4934,2.821426666666667
2007-06-16,33.62936666666667,4.035524
2007-06-17,32.4515,3.89418
2007-06-18,11.3079,1.9659366666666667
2007-06-19,14.039333333333333,2.3597533333333334
2007-06-20,17.904766666666667,3.28315
2007-06-21,13.4491,2.073316666666667
2007-06-22,9.438233333333333,1.5738533333333333
2007-06-23,7.959433333333333,0.955132
2007-06-24,11.910933333333332,1.429312
2007-06-25,17.870033333333332,2.941526666666667
2007-06-26,15.748466666666666,2.36816
2007-06-27,24.680433333333333,4.435350000000001
2007-06-28,21.590633333333333,3.8786766666666668
2007-06-29,21.736633333333334,3.90883
2007-06-30,22.255233333333333,2.670628
2007-07-01,17.111066666666666,2.053328
2007-07-02,16.1172,2.6084433333333332
2007-07-03,17.6652,2.7867633333333335
2007-07-04,16.7235,2.894946666666667
2007-07-05,17.6215,2.9498200000000003
2007-07-06,17.8254,3.1174
2007-07-07,22.636766666666666,2.716412
2007-07-08,18.151333333333334,2.17816
2007-07-09,19.6693,3.1839866666666667
2007-07-10,15.138733333333333,2.389963333333333
2007-07-11,12.0392,2.1205066666666665
2007-07-12,17.826366666666665,3.0710433333333333
2007-07-13,13.2397,2.31794
2007-07-14,21.4695,2.57634
2007-07-15,15.283733333333334,1.834048
2007-07-16,14.2279,2.44637
2007-07-17,11.993866666666667,2.0598366666666665
2007-07-18,12.618033333333333,2.2718700000000003
2007-07-19,11.2981,1.8897566666666668
2007-07-20,18.507033333333332,3.297746666666667
2007-07-21,17.6708,2.1204959999999997
2007-07-22,22.929566666666666,2.7515479999999997
2007-07-23,16.516966666666665,2.9930766666666666
2007-07-24,13.754733333333332,2.38432
2007-07-25,7.876,1.2747466666666667
2007-07-26,15.408333333333333,2.79977
2007-07-27,20.0419,3.5111333333333334
2007-07-28,27.031033333333333,3.243724
2007-07-29,5.351933333333333,0.6422319999999999
2007-07-30,7.780266666666667,1.2326366666666668
2007-07-31,13.538866666666667,2.47676
2007-08-01,17.6723,3.1740333333333335
2007-08-02,16.990266666666667,2.6900166666666667
2007-08-03,17.722733333333334,3.09356
2007-08-04,19.083166666666667,2.28998
2007-08-05,13.1183,1.574196
2007-08-06,18.162,3.075616666666667
2007-08-07,24.726333333333333,4.38231
2007-08-08,18.758033333333334,3.1497233333333337
2007-08-09,17.861333333333334,3.077306666666667
2007-08-10,17.133499999999998,3.0441533333333335
2007-08-11,18.194166666666668,2.1833
2007-08-12,20.6984,2.483808
2007-08-13,19.216866666666668,3.1081933333333334
2007-08-14,15.6865,2.6364133333333335
2007-08-15,19.864333333333335,3.3141533333333335
2007-08-16,15.974933333333333,2.6954466666666668
2007-08-17,16.831533333333333,2.6770533333333333
2007-08-18,5.799333333333333,0.69592
2007-08-19,23.7049,2.844588
2007-08-20,22.314033333333334,4.17113
2007-08-21,10.709266666666666,1.90104
2007-08-22,20.163466666666668,3.532376666666667
2007-08-23,18.538533333333334,3.2908866666666667
2007-08-24,27.603566666666666,4.809363333333334
2007-08-25,19.181333333333335,2.30176
2007-08-26,21.9151,2.629812
2007-08-27,20.1955,3.3407433333333336
2007-08-28,16.616733333333332,2.6846466666666666
2007-08-29,12.466533333333333,2.2451866666666667
2007-08-30,20.040966666666666,3.4151866666666666
2007-08-31,21.330366666666666,3.7230966666666667
2007-09-01,28.3581,3.4029719999999997
2007-09-02,27.7078,3.3249359999999997
2007-09-03,17.315366666666666,3.1376533333333336
2007-09-04,26.415733333333332,4.971493333333334
2007-09-05,20.60953333333333,3.4663833333333334
2007-09-06,15.024566666666667,2.4334433333333334
2007-09-07,22.274933333333333,3.9979733333333334
2007-09-08,24.495866666666668,2.939504
2007-09-09,27.991699999999998,3.3590039999999997
2007-09-10,18.622933333333332,3.10038
2007-09-11,16.392866666666666,2.5816733333333333
2007-09-12,21.462733333333333,3.3691133333333334
2007-09-13,19.106366666666666,3.4206100000000004
2007-09-14,18.9245,3.1598433333333333
2007-09-15,18.2552,2.1906239999999997
2007-09-16,27.537066666666668,3.304448
2007-09-17,24.3531,4.238886666666667
2007-09-18,19.458666666666666,3.3101700000000003
2007-09-19,21.64473333333333,3.976776666666667
2007-09-20,20.925533333333334,3.5186133333333336
2007-09-21,20.646333333333335,3.656976666666667
2007-09-22,19.602866666666667,2.352344
2007-09-23,23.632833333333334,2.83594
2007-09-24,22.575499999999998,4.218746666666667
2007-09-25,29.4057,5.334716666666667
2007-09-26,30.371066666666668,5.5752266666666666
2007-09-27,23.21,4.220516666666667
2007-09-28,28.0083,5.075113333333333
2007-09-29,38.27536666666666,4.593044
2007-09-30,25.2715,3.03258
2007-10-01,28.682033333333333,4.976483333333333
2007-10-02,36.647733333333335,6.73832
2007-10-03,21.3409,3.7988133333333334
2007-10-04,25.30763333333333,4.561973333333333
2007-10-05,23.234866666666665,4.161383333333333
2007-10-06,29.270666666666667,3.51248
2007-10-07,35.1019,4.212228
2007-10-08,18.254033333333332,3.1152966666666666
2007-10-09,28.130966666666666,5.059403333333334
2007-10-10,19.449533333333335,3.4925566666666668
2007-10-11,28.8741,5.04147
2007-10-12,31.9084,5.8913400000000005
2007-10-13,32.11213333333333,3.853456
2007-10-14,34.3542,4.122504
2007-10-15,21.1055,3.8137633333333336
2007-10-16,32.7407,5.806023333333334
2007-10-17,26.282166666666665,4.7851333333333335
2007-10-18,25.308833333333332,4.374196666666667
2007-10-19,34.760799999999996,6.304676666666667
2007-10-20,27.670766666666665,3.3204919999999998
2007-10-21,32.36566666666667,3.88388
2007-10-22,27.548266666666667,4.97997
2007-10-23,32.577466666666666,5.97239
2007-10-24,31.093933333333332,5.5594833333333336
2007-10-25,30.898633333333333,5.447033333333334
2007-10-26,23.959466666666668,4.11266
2007-10-27,29.761466666666667,3.571376
2007-10-28,8.535966666666667,1.024316
2007-10-29,9.090466666666666,1.40362
2007-10-30,13.5168,2.4650766666666666
2007-10-31,21.386833333333332,3.9525900000000003
2007-11-01,8.270266666666666,1.3931933333333333
2007-11-02,24.060033333333333,4.4695
2007-11-03,8.209166666666667,0.9851
2007-11-04,24.761433333333333,2.9713719999999997
2007-11-05,25.009866666666667,4.411716666666667
2007-11-06,34.7063,6.161426666666667
2007-11-07,30.745966666666668,5.626246666666667
2007-11-08,25.017666666666667,4.558033333333333
2007-11-09,36.1871,6.678616666666667
2007-11-10,43.526666666666664,5.223199999999999
2007-11-11,31.452066666666667,3.7742479999999996
2007-11-12,35.935766666666666,6.641943333333334
2007-11-13,36.90663333333333,6.930020000000001
2007-11-14,34.13323333333333,6.151323333333334
2007-11-15,24.866466666666668,4.386686666666667
2007-11-16,38.4959,7.301373333333333
2007-11-17,43.50156666666667,5.220187999999999
2007-11-18,36.39763333333333,4.367716
2007-11-19,28.727566666666668,5.3128166666666665
2007-11-20,34.930933333333336,6.280193333333334
2007-11-21,29.197266666666668,5.180126666666667
2007-11-22,32.2063,5.837563333333334
2007-11-23,42.04363333333333,7.344643333333334
2007-11-24,31.6509,3.798108
2007-11-25,23.259966666666667,2.791196
2007-11-26,26.161933333333334,4.76179
2007-11-27,46.68353333333333,8.429816666666667
2007-11-28,27.415666666666667,4.9817100000000005
2007-11-29,28.65383333333333,5.279633333333334
2007-11-30,38.86213333333333,7.15017
2007-12-01,52.24903333333333,6.269883999999999
2007-12-02,49.10313333333333,5.892376
2007-12-03,29.367666666666665,5.026706666666667
2007-12-04,34.4606,6.210543333333334
2007-12-05,35.885333333333335,6.514343333333334
2007-12-06,41.46556666666667,7.16136
2007-12-07,29.4836,5.383623333333333
2007-12-08,36.89006666666667,4.426807999999999
2007-12-09,37.909733333333335,4.549168
2007-12-10,29.312566666666665,5.429303333333333
2007-12-11,38.4184,7.131200000000001
2007-12-12,26.4677,4.910576666666667
2007-12-13,30.795766666666665,5.713786666666667
2007-12-14,32.913466666666665,6.118016666666667
2007-12-15,45.6146,5.473752
2007-12-16,46.036966666666665,5.524436
2007-12-17,29.9511,5.556253333333333
2007-12-18,43.7199,8.119613333333334
2007-12-19,36.60086666666667,6.705273333333333
2007-12-20,32.49596666666667,6.051833333333334
2007-12-21,33.04293333333333,6.17298
2007-12-22,43.52106666666666,5.222528
2007-12-23,40.1508,4.818096
2007-12-24,37.6308,6.94216
2007-12-25,44.916133333333335,7.777673333333333
2007-12-26,43.004666666666665,7.529293333333333
2007-12-27,42.2033,7.638186666666667
2007-12-28,51.8842,9.34613
2007-12-29,54.9826,6.597912
2007-12-30,42.6486,5.117832
2007-12-31,36.942366666666665,6.8177
2008-01-01,45.99563333333333,7.52465
2008-01-02,27.401766666666667,4.659993333333333
2008-01-03,25.168466666666667,4.557853333333333
2008-01-04,38.19753333333333,7.044156666666667
2008-01-05,36.38746666666667,4.366496
2008-01-06,30.419733333333333,3.650368
2008-01-07,28.263566666666666,5.02552
2008-01-08,34.05916666666667,6.13697
2008-01-09,29.807333333333332,5.360803333333333
2008-01-10,31.567933333333333,5.7516300000000005
2008-01-11,28.4303,4.878326666666667
2008-01-12,47.8568,5.7428159999999995
2008-01-13,48.0276,5.763312
2008-01-14,33.748866666666665,6.26829
2008-01-15,44.781866666666666,8.193516666666667
2008-01-16,35.59753333333333,6.478680000000001
2008-01-17,26.2047,4.722103333333334
2008-01-18,36.449799999999996,6.55947
2008-01-19,33.0051,3.960612
2008-01-20,29.006133333333334,3.480736
2008-01-21,30.9833,5.56228
2008-01-22,38.7503,7.1305700000000005
2008-01-23,31.3718,5.8177666666666665
2008-01-24,27.417033333333332,4.894196666666667
2008-01-25,37.330933333333334,6.48752
2008-01-26,47.2498,5.669976
2008-01-27,39.6961,4.763532
2008-01-28,38.46993333333333,6.6869700000000005
2008-01-29,44.6004,7.724116666666667
2008-01-30,27.3441,4.349853333333334
2008-01-31,32.56536666666667,5.501013333333334
2008-02-01,25.57753333333333,4.22355
2008-02-02,48.9339,5.872068
2008-02-03,34.7428,4.169136
2008-02-04,27.135633333333335,4.985196666666667
2008-02-05,41.2076,7.681703333333334
2008-02-06,27.825666666666667,5.0684933333333335
2008-02-07,25.305166666666665,4.47818
2008-02-08,32.5094,5.699050000000001
2008-02-09,35.037933333333335,4.204552
2008-02-10,36.4119,4.369428
2008-02-11,28.200266666666668,5.11236
2008-02-12,33.12996666666667,6.1797233333333335
2008-02-13,31.674966666666666,5.75195
2008-02-14,26.7437,4.774346666666667
2008-02-15,33.42013333333333,6.020983333333334
2008-02-16,39.1158,4.693896
2008-02-17,32.2228,3.866736
2008-02-18,25.240066666666667,4.537356666666667
2008-02-19,35.4486,6.631113333333333
2008-02-20,37.56316666666667,6.75454
2008-02-21,27.230833333333333,4.870986666666667
2008-02-22,28.876066666666667,5.302496666666667
2008-02-23,30.566166666666668,3.6679399999999998
2008-02-24,21.05013333333333,2.526016
2008-02-25,8.408133333333334,1.34819
2008-02-26,8.452,1.3504733333333334
2008-02-27,9.445333333333334,1.4455200000000001
2008-02-28,8.4864,1.4582566666666668
2008-02-29,22.222466666666666,4.078343333333334
2008-03-01,19.031266666666667,2.283752
2008-03-02,19.370433333333335,2.324452
2008-03-03,17.3425,2.87107
2008-03-04,27.8165,4.930070000000001
2008-03-05,33.953466666666664,5.944923333333334
2008-03-06,41.72013333333334,7.031043333333334
2008-03-07,31.049266666666668,5.4612300000000005
2008-03-08,37.477666666666664,4.49732
2008-03-09,26.007633333333334,3.120916
2008-03-10,26.9781,4.718256666666667
2008-03-11,36.667366666666666,6.424786666666667
2008-03-12,29.570533333333334,4.926886666666666
2008-03-13,27.92523333333333,5.171926666666667
2008-03-14,36.836999999999996,6.867590000000001
2008-03-15,26.271666666666665,3.1525999999999996
2008-03-16,30.032666666666668,3.60392
2008-03-17,28.448633333333333,5.13178
2008-03-18,31.959433333333333,5.8537
2008-03-19,21.807466666666667,3.9298366666666666
2008-03-20,20.8879,3.77355
2008-03-21,34.4407,6.360553333333334
2008-03-22,34.22526666666666,4.107032
2008-03-23,38.7665,4.65198
2008-03-24,32.91113333333333,5.8520433333333335
2008-03-25,33.5976,6.24141
2008-03-26,27.224533333333333,4.923076666666667
2008-03-27,22.847033333333332,4.10121
2008-03-28,31.423733333333335,5.8361
2008-03-29,41.185833333333335,4.9422999999999995
2008-03-30,35.7732,4.292784
2008-03-31,22.9595,3.9231033333333336
2008-04-01,35.4842,6.5044
2008-04-02,28.194533333333332,4.916713333333334
2008-04-03,18.8126,3.28538
2008-04-04,27.198633333333333,4.825566666666667
2008-04-05,32.84603333333333,3.941524
2008-04-06,28.271966666666668,3.392636
2008-04-07,25.647299999999998,4.621716666666667
2008-04-08,44.29193333333333,8.29194
2008-04-09,20.3142,3.6101
2008-04-10,24.6291,4.1069700000000005
2008-04-11,31.2944,5.43381
2008-04-12,46.6669,5.600028
2008-04-13,37.216433333333335,4.465972
2008-04-14,26.493033333333333,4.501383333333333
2008-04-15,27.8401,4.861223333333333
2008-04-16,24.817733333333333,4.408496666666667
2008-04-17,23.264366666666668,4.067073333333333
2008-04-18,31.039833333333334,5.52973
2008-04-19,37.56183333333333,4.50742
2008-04-20,29.856966666666665,3.582836
2008-04-21,19.4026,3.2452233333333336
2008-04-22,27.12793333333333,4.980193333333333
2008-04-23,22.622133333333334,3.8266333333333336
2008-04-24,17.3962,2.71617
2008-04-25,21.128899999999998,3.84483
2008-04-26,15.052766666666667,1.8063319999999998
2008-04-27,16.804,2.01648
2008-04-28,10.9842,1.7848733333333333
2008-04-29,32.876933333333334,5.71556
2008-04-30,18.362099999999998,2.7067533333333333
2008-05-01,9.600233333333334,1.5474966666666667
2008-05-02,24.962799999999998,4.209736666666667
2008-05-03,21.493333333333332,2.5791999999999997
2008-05-04,24.516166666666667,2.9419399999999998
2008-05-05,22.7822,3.8927300000000002
2008-05-06,29.833,5.346963333333334
2008-05-07,19.6044,3.25721
2008-05-08,35.2783,5.746496666666667
2008-05-09,29.121199999999998,5.37621
2008-05-10,31.8188,3.818256
2008-05-11,26.848666666666666,3.22184
2008-05-12,25.403399999999998,4.521846666666667
2008-05-13,24.6149,4.360996666666667
2008-05-14,26.404366666666668,4.741216666666667
2008-05-15,19.379466666666666,3.47514
2008-05-16,27.467166666666667,4.956836666666667
2008-05-17,27.624233333333333,3.314908
2008-05-18,30.065966666666665,3.607916
2008-05-19,17.171033333333334,2.9395833333333337
2008-05-20,26.355566666666668,4.817216666666667
2008-05-21,22.068533333333335,3.7047000000000003
2008-05-22,16.281133333333333,2.7304500000000003
2008-05-23,24.7486,4.48484
2008-05-24,26.336266666666667,3.1603519999999996
2008-05-25,34.141733333333335,4.097008
2008-05-26,21.495166666666666,3.6512033333333336
2008-05-27,28.47833333333333,5.1509
2008-05-28,18.572866666666666,3.3257966666666667
2008-05-29,18.917933333333334,3.2156866666666666
2008-05-30,23.287399999999998,4.32033
2008-05-31,27.357833333333332,3.28294
2008-06-01,30.8146,3.697752
2008-06-02,17.900199999999998,3.166806666666667
2008-06-03,26.630266666666667,4.56477
2008-06-04,26.481866666666665,4.544676666666667
2008-06-05,18.667966666666665,3.31382
2008-06-06,20.295233333333332,3.57858
2008-06-07,31.37473333333333,3.7649679999999996
2008-06-08,25.705366666666666,3.084644
2008-06-09,22.094966666666668,3.7325633333333337
2008-06-10,17.78483333333333,3.1312266666666666
2008-06-11,18.7201,3.250856666666667
2008-06-12,20.988866666666667,3.7381333333333333
2008-06-13,31.238,5.586893333333333
2008-06-14,23.082,2.76984
2008-06-15,38.1517,4.5782039999999995
2008-06-16,21.7174,3.749366666666667
2008-06-17,19.084733333333332,3.251386666666667
2008-06-18,31.560133333333333,5.69486
2008-06-19,26.468033333333334,4.706043333333334
2008-06-20,27.935066666666668,5.06032
2008-06-21,28.904233333333334,3.468508
2008-06-22,26.106933333333334,3.132832
2008-06-23,20.863266666666668,3.5581133333333335
2008-06-24,29.240866666666665,5.181430000000001
2008-06-25,21.0295,3.618786666666667
2008-06-26,17.60033333333333,3.0605466666666667
2008-06-27,29.252533333333332,5.07834
2008-06-28,20.146666666666665,2.4175999999999997
2008-06-29,12.4892,1.498704
2008-06-30,13.403266666666667,2.31015
2008-07-01,20.254,3.4548833333333335
2008-07-02,19.120033333333332,3.2407333333333335
2008-07-03,18.306,2.98599
2008-07-04,15.700333333333333,2.6705633333333334
2008-07-05,24.4848,2.938176
2008-07-06,30.0844,3.610128
2008-07-07,16.389833333333332,2.9285133333333335
2008-07-08,18.770233333333334,3.0807433333333334
2008-07-09,15.321966666666667,2.62005
2008-07-10,20.8546,3.6417466666666667
2008-07-11,20.9036,3.517516666666667
2008-07-12,22.14753333333333,2.657704
2008-07-13,20.8959,2.507508
2008-07-14,18.965433333333333,3.4443233333333336
2008-07-15,19.264333333333333,3.229416666666667
2008-07-16,17.95103333333333,3.1658333333333335
2008-07-17,21.985366666666668,3.787036666666667
2008-07-18,21.0264,3.542116666666667
2008-07-19,22.400233333333333,2.688028
2008-07-20,15.692233333333332,1.883068
2008-07-21,19.274633333333334,3.4886600000000003
2008-07-22,12.337366666666666,2.10665
2008-07-23,15.7105,2.735456666666667
2008-07-24,18.224166666666665,3.16899
2008-07-25,14.425566666666667,2.3900366666666666
2008-07-26,13.594733333333334,1.631368
2008-07-27,19.123266666666666,2.2947919999999997
2008-07-28,13.7634,2.246046666666667
2008-07-29,19.442633333333333,3.30884
2008-07-30,21.665133333333333,3.6694533333333337
2008-07-31,23.210633333333334,3.8406900000000004
2008-08-01,12.326266666666667,2.1020033333333332
2008-08-02,8.4296,1.011552
2008-08-03,8.413033333333333,1.009564
2008-08-04,18.765333333333334,3.219516666666667
2008-08-05,13.7853,2.41759
2008-08-06,5.4352,0.88453
2008-08-07,5.5813999999999995,0.9043033333333333
2008-08-08,5.036666666666666,0.8181733333333333
2008-08-09,5.982066666666666,0.7178479999999999
2008-08-10,5.8671999999999995,0.7040639999999999
2008-08-11,6.1986,0.9248200000000001
2008-08-12,4.8164,0.7867666666666667
2008-08-13,4.709733333333333,0.7617166666666667
2008-08-14,4.5043,0.73358
2008-08-15,4.5609,0.7326633333333333
2008-08-16,4.580233333333333,0.549628
2008-08-17,4.579933333333333,0.549592
2008-08-18,4.562633333333333,0.7405833333333334
2008-08-19,4.5782,0.7456133333333334
2008-08-20,4.4745333333333335,0.72762
2008-08-21,4.354966666666667,0.70826
2008-08-22,4.452066666666666,0.7172066666666667
2008-08-23,4.244033333333333,0.509284
2008-08-24,4.245266666666667,0.509432
2008-08-25,4.171633333333333,0.6769266666666667
2008-08-26,4.2927333333333335,0.6973233333333334
2008-08-27,4.3019,0.6988666666666667
2008-08-28,4.470766666666667,0.7283433333333333
2008-08-29,4.4597999999999995,0.7216533333333334
2008-08-30,4.507066666666667,0.540848
2008-08-31,25.010233333333332,3.001228
2008-09-01,20.791833333333333,3.58943
2008-09-02,23.069233333333333,4.127436666666667
2008-09-03,23.14143333333333,4.272973333333334
2008-09-04,20.420333333333332,3.6880900000000003
2008-09-05,14.565999999999999,2.5820600000000002
2008-09-06,31.1429,3.737148
2008-09-07,22.8776,2.7453119999999998
2008-09-08,21.822066666666668,3.736876666666667
2008-09-09,19.327566666666666,3.430276666666667
2008-09-10,21.6794,3.8976900000000003
2008-09-11,17.145233333333334,3.1165833333333333
2008-09-12,23.212699999999998,4.07008
2008-09-13,27.1906,3.2628719999999998
2008-09-14,26.2721,3.152652
2008-09-15,28.295133333333332,4.9704266666666665
2008-09-16,20.364366666666665,3.5670966666666666
2008-09-17,25.320166666666665,4.584543333333333
2008-09-18,25.088166666666666,4.368686666666667
2008-09-19,25.3141,4.529083333333333
2008-09-20,21.743333333333332,2.6092
2008-09-21,25.551166666666667,3.06614
2008-09-22,22.642733333333332,4.04284
2008-09-23,20.546466666666667,3.551746666666667
2008-09-24,28.639166666666668,5.071383333333333
2008-09-25,18.853666666666665,3.2701233333333333
2008-09-26,23.857499999999998,4.27245
2008-09-27,35.457433333333334,4.254892
2008-09-28,28.851733333333332,3.462208
2008-09-29,25.028966666666665,4.31231
2008-09-30,22.916766666666668,4.052983333333334
2008-10-01,31.206066666666665,5.69388
2008-10-02,22.422366666666665,3.775946666666667
2008-10-03,26.87633333333333,4.797013333333333
2008-10-04,35.008266666666664,4.200991999999999
2008-10-05,25.8325,3.0999
2008-10-06,23.7297,3.377736666666667
2008-10-07,28.776133333333334,5.026106666666667
2008-10-08,31.0096,5.5008333333333335
2008-10-09,33.061366666666665,6.1092933333333335
2008-10-10,25.305633333333333,4.53296
2008-10-11,27.8231,3.3387719999999996
2008-10-12,31.799,3.81588
2008-10-13,24.366266666666668,4.299746666666667
2008-10-14,26.8176,4.752113333333334
2008-10-15,35.94826666666667,6.3975800000000005
2008-10-16,26.394666666666666,4.779966666666667
2008-10-17,31.114766666666668,5.512936666666667
2008-10-18,37.319833333333335,4.47838
2008-10-19,32.865566666666666,3.9438679999999997
2008-10-20,27.792566666666666,5.019276666666667
2008-10-21,34.395266666666664,6.232166666666667
2008-10-22,27.4335,4.89745
2008-10-23,30.508233333333333,5.5477566666666664
2008-10-24,35.55376666666667,6.478886666666667
2008-10-25,25.385933333333334,3.046312
2008-10-26,8.724866666666667,1.046984
2008-10-27,8.731533333333333,1.3937633333333335
2008-10-28,22.1215,3.6558033333333335
2008-10-29,26.876266666666666,4.1193100000000005
2008-10-30,18.31,2.9114666666666666
2008-10-31,21.430533333333333,3.9333066666666667
2008-11-01,13.841633333333332,1.660996
2008-11-02,15.1769,1.8212279999999998
2008-11-03,14.126666666666667,2.4170833333333333
2008-11-04,26.0386,4.8047466666666665
2008-11-05,52.24883333333333,9.78423
2008-11-06,26.473966666666666,4.738806666666667
2008-11-07,26.9864,4.84047
2008-11-08,28.885633333333335,3.4662759999999997
2008-11-09,42.975633333333334,5.157076
2008-11-10,34.864666666666665,6.392916666666667
2008-11-11,40.9325,7.307213333333333
2008-11-12,36.44156666666667,6.082886666666667
2008-11-13,20.641,3.5007800000000002
2008-11-14,27.028966666666665,4.8773800000000005
2008-11-15,50.52713333333333,6.063256
2008-11-16,39.42386666666667,4.7308639999999995
2008-11-17,25.393933333333333,4.588056666666667
2008-11-18,29.150833333333335,5.191996666666667
2008-11-19,30.67063333333333,5.64482
2008-11-20,28.2056,5.0496300000000005
2008-11-21,27.898833333333332,5.052443333333334
2008-11-22,28.5228,3.422736
2008-11-23,56.7554,6.810648
2008-11-24,53.54996666666666,9.092346666666668
2008-11-25,45.0475,7.748643333333334
2008-11-26,25.2659,4.368523333333333
2008-11-27,39.3703,7.001286666666667
2008-11-28,31.43273333333333,5.83613
2008-11-29,40.577799999999996,4.869336
2008-11-30,40.023133333333334,4.802776
2008-12-01,26.9423,4.969273333333334
2008-12-02,29.890733333333333,5.4471766666666666
2008-12-03,29.25273333333333,5.291566666666667
2008-12-04,28.9773,5.249210000000001
2008-12-05,34.3103,5.974973333333334
2008-12-06,42.06393333333333,5.0476719999999995
2008-12-07,41.11233333333333,4.933479999999999
2008-12-08,31.143933333333333,5.55286
2008-12-09,33.385733333333334,6.2330000000000005
2008-12-10,35.18366666666667,6.6275900000000005
2008-12-11,23.875366666666668,4.26936
2008-12-12,30.2589,5.478433333333333
2008-12-13,30.426233333333332,3.6511479999999996
2008-12-14,33.36866666666667,4.00424
2008-12-15,29.924166666666665,5.393176666666667
2008-12-16,29.9515,5.489893333333334
2008-12-17,34.97976666666666,6.35302
2008-12-18,28.948999999999998,5.116416666666667
2008-12-19,31.368533333333332,5.6202700000000005
2008-12-20,37.375033333333334,4.485004
2008-12-21,44.06016666666667,5.28722
2008-12-22,33.5968,5.9221900000000005
2008-12-23,29.968133333333334,5.2647200000000005
2008-12-24,21.160633333333333,3.8423233333333333
2008-12-25,17.685299999999998,3.0367033333333335
2008-12-26,20.395533333333333,3.607626666666667
2008-12-27,49.53606666666666,5.944328
2008-12-28,26.177366666666668,3.1412839999999997
2008-12-29,9.254633333333333,1.5471333333333332
2008-12-30,19.92063333333333,3.5702700000000003
2008-12-31,32.736466666666665,6.125233333333334
2009-01-01,23.444866666666666,3.7705333333333333
2009-01-02,38.79183333333333,6.989873333333334
2009-01-03,31.8916,3.8269919999999997
2009-01-04,32.33323333333333,3.879988
2009-01-05,26.733333333333334,4.86353
2009-01-06,28.164366666666666,5.073073333333333
2009-01-07,34.6712,6.4644433333333335
2009-01-08,27.221166666666665,4.991246666666667
2009-01-09,29.8117,5.302486666666667
2009-01-10,35.04913333333333,4.205896
2009-01-11,32.93313333333333,3.9519759999999997
2009-01-12,26.487966666666665,4.88528
2009-01-13,36.376666666666665,6.403370000000001
2009-01-14,29.6047,5.416306666666667
2009-01-15,26.0678,4.7363800000000005
2009-01-16,46.109233333333336,8.26374
2009-01-17,55.297,6.6356399999999995
2009-01-18,52.5699,6.308388
2009-01-19,28.3311,5.136010000000001
2009-01-20,28.967133333333333,5.17795
2009-01-21,28.990566666666666,5.278063333333334
2009-01-22,20.6226,3.6451266666666666
2009-01-23,31.842266666666667,5.81993
2009-01-24,36.6795,4.40154
2009-01-25,47.3944,5.687328
2009-01-26,27.907866666666667,5.1547
2009-01-27,23.7505,4.237313333333334
2009-01-28,45.362233333333336,8.398566666666667
2009-01-29,26.2283,4.780753333333333
2009-01-30,34.3173,6.379033333333334
2009-01-31,55.2142,6.625704
2009-02-01,30.124333333333333,3.6149199999999997
2009-02-02,26.721666666666668,4.504366666666667
2009-02-03,31.139833333333332,5.65828
2009-02-04,41.0154,7.58338
2009-02-05,27.4848,4.8738166666666665
2009-02-06,34.13993333333333,5.959090000000001
2009-02-07,52.19226666666667,6.263071999999999
2009-02-08,36.381099999999996,4.3657319999999995
2009-02-09,28.443966666666665,5.223526666666666
2009-02-10,32.39703333333333,5.8402433333333335
2009-02-11,43.98983333333333,8.237956666666667
2009-02-12,32.811,6.075443333333333
2009-02-13,28.167033333333332,5.274076666666667
2009-02-14,38.87656666666667,4.665188
2009-02-15,26.433866666666667,3.1720639999999998
2009-02-16,21.983233333333335,3.81109
2009-02-17,13.0283,2.3147033333333336
2009-02-18,13.774166666666666,2.3072133333333333
2009-02-19,12.287799999999999,2.11769
2009-02-20,31.3456,5.495150000000001
2009-02-21,21.9364,2.632368
2009-02-22,37.307966666666665,4.4769559999999995
2009-02-23,45.56093333333333,7.43117
2009-02-24,29.719066666666667,5.457866666666667
2009-02-25,19.4974,3.4331933333333335
2009-02-26,19.280866666666668,3.4625933333333334
2009-02-27,33.8153,6.168386666666667
2009-02-28,27.179166666666667,3.2615
2009-03-01,41.1271,4.935252
2009-03-02,24.624033333333333,4.50089
2009-03-03,30.815866666666665,5.58481
2009-03-04,30.702166666666667,5.481093333333334
2009-03-05,24.0302,4.329693333333333
2009-03-06,29.724566666666668,5.379803333333333
2009-03-07,28.274433333333334,3.3929319999999996
2009-03-08,39.2861,4.714332
2009-03-09,28.0926,5.09506
2009-03-10,30.6035,5.358490000000001
2009-03-11,40.0984,7.10438
2009-03-12,31.454333333333334,5.812586666666667
2009-03-13,24.092,4.245806666666667
2009-03-14,35.81713333333333,4.298056
2009-03-15,32.3677,3.884124
2009-03-16,22.245533333333334,3.9004366666666668
2009-03-17,32.1985,5.839153333333334
2009-03-18,24.178,4.2487466666666664
2009-03-19,19.858866666666668,3.48367
2009-03-20,24.398433333333333,4.401536666666667
2009-03-21,32.167033333333336,3.860044
2009-03-22,28.152833333333334,3.3783399999999997
2009-03-23,21.607499999999998,3.7724033333333336
2009-03-24,27.6952,4.920100000000001
2009-03-25,30.646233333333335,5.382436666666667
2009-03-26,20.1834,3.5716233333333336
2009-03-27,28.56543333333333,5.220233333333334
2009-03-28,37.68293333333333,4.521952
2009-03-29,36.94416666666667,4.4333
2009-03-30,24.6242,4.41619
2009-03-31,30.391366666666666,5.589323333333334
2009-04-01,27.352333333333334,4.704470000000001
2009-04-02,27.405566666666665,4.993773333333333
2009-04-03,22.721,3.973546666666667
2009-04-04,36.52053333333333,4.382464
2009-04-05,22.9286,2.751432
2009-04-06,24.210566666666665,4.326383333333333
2009-04-07,24.001533333333334,4.151496666666667
2009-04-08,25.576666666666668,4.531056666666667
2009-04-09,31.507866666666665,5.609723333333333
2009-04-10,30.7019,5.52885
2009-04-11,41.04076666666666,4.924892
2009-04-12,35.68353333333333,4.282024
2009-04-13,26.643733333333333,4.582623333333333
2009-04-14,25.02563333333333,4.400593333333333
2009-04-15,20.2677,3.4629600000000003
2009-04-16,26.0754,4.43895
2009-04-17,34.04683333333333,5.1948533333333335
2009-04-18,25.204433333333334,3.0245319999999998
2009-04-19,21.441133333333333,2.572936
2009-04-20,24.775166666666667,4.36988
2009-04-21,31.576633333333334,4.954093333333334
2009-04-22,24.936633333333333,4.5297
2009-04-23,19.024333333333335,3.118806666666667
2009-04-24,19.9008,3.4920233333333335
2009-04-25,33.70473333333333,4.044568
2009-04-26,29.693766666666665,3.563252
2009-04-27,22.52713333333333,3.939796666666667
2009-04-28,28.439766666666667,5.02918
2009-04-29,27.744666666666667,4.772466666666667
2009-04-30,30.579366666666665,5.208683333333333
2009-05-01,25.213366666666666,4.04125
2009-05-02,23.231833333333334,2.78782
2009-05-03,26.814633333333333,3.217756
2009-05-04,27.798033333333333,4.648956666666667
2009-05-05,28.8579,5.222153333333334
2009-05-06,22.498366666666666,3.9993333333333334
2009-05-07,16.877466666666667,2.8638233333333334
2009-05-08,30.9526,5.7020800000000005
2009-05-09,21.02253333333333,2.522704
2009-05-10,32.775866666666666,3.9331039999999997
2009-05-11,25.286266666666666,4.27704
2009-05-12,27.099266666666665,4.427473333333333
2009-05-13,20.7733,3.58381
2009-05-14,26.783066666666667,4.653036666666667
2009-05-15,23.703766666666667,4.264443333333333
2009-05-16,33.4563,4.014756
2009-05-17,25.7294,3.087528
2009-05-18,20.1651,3.5248766666666667
2009-05-19,26.955733333333335,4.634733333333333
2009-05-20,21.786033333333332,3.8175700000000004
2009-05-21,26.2525,4.761143333333334
2009-05-22,17.913433333333334,3.1291633333333335
2009-05-23,25.509966666666667,3.061196
2009-05-24,21.4631,2.5755719999999998
2009-05-25,22.568266666666666,4.092246666666667
2009-05-26,22.294566666666668,3.76934
2009-05-27,25.7382,4.537493333333334
2009-05-28,19.662266666666667,3.456726666666667
2009-05-29,20.7141,3.5465933333333335
2009-05-30,27.651766666666667,3.318212
2009-05-31,15.948166666666667,1.9137799999999998
2009-06-01,24.054333333333332,4.472393333333334
2009-06-02,18.1773,3.1137466666666667
2009-06-03,22.60963333333333,4.072273333333333
2009-06-04,17.261,2.9503766666666666
2009-06-05,20.506,3.6311166666666668
2009-06-06,24.590833333333332,2.9509
2009-06-07,20.1232,2.414784
2009-06-08,19.646266666666666,3.43466
2009-06-09,22.214166666666667,3.8891166666666668
2009-06-10,26.7166,4.67685
2009-06-11,21.6775,3.8778933333333336
2009-06-12,18.3622,3.1056166666666667
2009-06-13,0.23696666666666666,0.028436
2009-06-15,12.865133333333333,2.463496666666667
2009-06-16,25.146533333333334,4.5202800000000005
2009-06-17,16.466933333333333,2.757356666666667
2009-06-18,19.428333333333335,3.3670500000000003
2009-06-19,18.114433333333334,3.0765466666666668
2009-06-20,18.451666666666668,2.2142
2009-06-21,14.252366666666667,1.710284
2009-06-22,18.234966666666665,3.240416666666667
2009-06-23,17.320233333333334,2.8537666666666666
2009-06-24,25.581233333333333,4.667796666666667
2009-06-25,12.856033333333333,2.1810766666666668
2009-06-26,21.2887,3.5965800000000003
2009-06-27,28.4842,3.418104
2009-06-28,17.656566666666667,2.118788
2009-06-29,16.835566666666665,2.7198533333333335
2009-06-30,19.8741,3.580766666666667
2009-07-01,20.305699999999998,3.5232666666666668
2009-07-02,20.709633333333333,3.540236666666667
2009-07-03,14.402466666666667,2.5531833333333336
2009-07-04,20.6428,2.477136
2009-07-05,23.512266666666665,2.821472
2009-07-06,15.904333333333334,2.5936066666666666
2009-07-07,18.502266666666667,3.2432433333333335
2009-07-08,20.573333333333334,3.561926666666667
2009-07-09,14.1042,2.3653766666666667
2009-07-10,19.7853,3.24565
2009-07-11,16.566133333333333,1.987936
2009-07-12,8.557966666666667,1.026956
2009-07-13,8.2791,1.4214066666666667
2009-07-14,15.1905,2.782366666666667
2009-07-15,11.9679,2.099606666666667
2009-07-16,9.992566666666667,1.6293733333333333
2009-07-17,12.1968,2.0817533333333333
2009-07-18,16.106833333333334,1.93282
2009-07-19,20.06073333333333,2.407288
2009-07-20,11.041433333333334,1.9013333333333333
2009-07-21,13.5627,2.3611833333333334
2009-07-22,12.325533333333333,2.0594833333333336
2009-07-23,17.166666666666668,2.7715566666666667
2009-07-24,9.3623,1.5293533333333333
2009-07-25,8.944799999999999,1.0733759999999999
2009-07-26,9.050266666666667,1.0860319999999999
2009-07-27,11.4761,1.8889133333333334
2009-07-28,15.0475,2.3944300000000003
2009-07-29,15.033333333333333,2.575346666666667
2009-07-30,13.205433333333334,2.2756133333333333
2009-07-31,16.263833333333334,2.79653
2009-08-01,11.782766666666667,1.413932
2009-08-02,8.162066666666666,0.979448
2009-08-03,8.3383,1.32802
2009-08-04,8.481533333333333,1.3530833333333334
2009-08-05,8.6442,1.3767500000000001
2009-08-06,8.877866666666666,1.41745
2009-08-07,8.988266666666666,1.4348133333333333
2009-08-08,8.774533333333332,1.0529439999999999
2009-08-09,16.637233333333334,1.996468
2009-08-10,17.822633333333332,2.8259933333333334
2009-08-11,15.849233333333332,2.7368833333333336
2009-08-12,13.7406,2.2371966666666667
2009-08-13,10.114033333333333,1.5972533333333334
2009-08-14,12.477933333333333,2.055703333333333
2009-08-15,25.234366666666666,3.028124
2009-08-16,20.2952,2.435424
2009-08-17,13.098466666666667,2.1698566666666665
2009-08-18,18.009966666666667,3.19105
2009-08-19,14.679033333333333,2.628276666666667
2009-08-20,12.9287,2.1042333333333336
2009-08-21,19.362433333333332,3.308386666666667
2009-08-22,25.8123,3.097476
2009-08-23,17.778466666666667,2.133416
2009-08-24,20.8709,3.5817733333333335
2009-08-25,15.726833333333333,2.70704
2009-08-26,18.942433333333334,3.408046666666667
2009-08-27,12.4911,2.02888
2009-08-28,18.647366666666667,3.28599
2009-08-29,23.140233333333335,2.776828
2009-08-30,27.805699999999998,3.336684
2009-08-31,21.092033333333333,3.7056033333333334
2009-09-01,16.342266666666667,2.84842
2009-09-02,20.380233333333333,3.62041
2009-09-03,20.853133333333332,3.62784
2009-09-04,17.073133333333335,3.0264233333333337
2009-09-05,25.2311,3.027732
2009-09-06,20.477166666666665,2.4572599999999998
2009-09-07,20.357633333333332,3.639476666666667
2009-09-08,18.104233333333333,3.20946
2009-09-09,25.355733333333333,4.594056666666667
2009-09-10,18.539233333333332,3.2953300000000003
2009-09-11,20.235766666666667,3.63242
2009-09-12,34.405966666666664,4.128716
2009-09-13,26.1717,3.1406039999999997
2009-09-14,26.247633333333333,4.70186
2009-09-15,24.2801,4.22879
2009-09-16,29.052699999999998,5.134196666666667
2009-09-17,20.390433333333334,3.6893466666666668
2009-09-18,22.900533333333332,4.10323
2009-09-19,35.595166666666664,4.27142
2009-09-20,33.922133333333335,4.070656
2009-09-21,23.631133333333334,4.236996666666667
2009-09-22,20.7756,3.6619533333333334
2009-09-23,27.276833333333332,4.818996666666667
2009-09-24,23.770966666666666,4.25549
2009-09-25,19.350266666666666,3.4855933333333335
2009-09-26,25.937566666666665,3.112508
2009-09-27,23.507866666666665,2.820944
2009-09-28,21.6576,3.8114333333333335
2009-09-29,19.106633333333335,3.524376666666667
2009-09-30,29.5456,5.26199
2009-10-01,21.4542,3.718036666666667
2009-10-02,19.211133333333333,3.5111600000000003
2009-10-03,28.612333333333332,3.43348
2009-10-04,27.018433333333334,3.242212
2009-10-05,21.2587,3.7170933333333336
2009-10-06,23.807466666666667,4.23121
2009-10-07,30.3639,5.464853333333333
2009-10-08,26.2861,4.62268
2009-10-09,22.531033333333333,4.126996666666667
2009-10-10,33.54593333333333,4.025512
2009-10-11,32.30473333333333,3.876568
2009-10-12,22.526733333333333,4.072563333333333
2009-10-13,24.151666666666667,4.417776666666667
2009-10-14,28.5204,5.116373333333334
2009-10-15,24.832933333333333,4.4791566666666665
2009-10-16,25.281,4.633916666666667
2009-10-17,45.70133333333333,5.48416
2009-10-18,25.936066666666665,3.1123279999999998
2009-10-19,22.818466666666666,4.048866666666667
2009-10-20,28.713466666666665,5.32494
2009-10-21,32.8251,5.945060000000001
2009-10-22,23.3285,4.183903333333333
2009-10-23,29.29083333333333,5.400203333333334
2009-10-24,43.57346666666667,5.228816
2009-10-25,40.10893333333333,4.813072
2009-10-26,18.539066666666667,3.0937333333333337
2009-10-27,18.6126,3.25016
2009-10-28,21.145133333333334,3.7443033333333333
2009-10-29,33.024,5.9321866666666665
2009-10-30,24.8893,4.5145333333333335
2009-10-31,31.2657,3.751884
2009-11-01,30.719466666666666,3.686336
2009-11-02,25.070433333333334,4.456103333333333
2009-11-03,37.77813333333333,6.972230000000001
2009-11-04,30.03,5.623386666666667
2009-11-05,26.007766666666665,4.64558
2009-11-06,23.174166666666668,4.183846666666667
2009-11-07,25.952933333333334,3.114352
2009-11-08,41.80003333333333,5.016004
2009-11-09,23.412533333333332,4.211846666666667
2009-11-10,26.769733333333335,4.873433333333334
2009-11-11,34.008,6.1834066666666665
2009-11-12,24.384433333333334,4.389396666666667
2009-11-13,25.548766666666666,4.59989
2009-11-14,42.67426666666667,5.120912
2009-11-15,32.788466666666665,3.9346159999999997
2009-11-16,25.241133333333334,4.446063333333334
2009-11-17,28.471566666666668,5.233756666666667
2009-11-18,43.98623333333333,8.257856666666667
2009-11-19,24.5808,4.408370000000001
2009-11-20,32.6836,5.984586666666667
2009-11-21,41.614266666666666,4.9937119999999995
2009-11-22,40.8496,4.901952
2009-11-23,24.5187,4.259516666666667
2009-11-24,35.48093333333333,6.38571
2009-11-25,33.00216666666667,6.15704
2009-11-26,26.660433333333334,4.822516666666667
2009-11-27,23.000433333333334,4.065523333333333
2009-11-28,30.982499999999998,3.7178999999999998
2009-11-29,27.516033333333333,3.3019239999999996
2009-11-30,29.0865,5.208773333333333
2009-12-01,29.272966666666665,5.32272
2009-12-02,39.09446666666667,7.1638
2009-12-03,24.661466666666666,4.32963
2009-12-04,28.521566666666665,5.160853333333334
2009-12-05,39.19603333333333,4.703524
2009-12-06,39.638133333333336,4.756576
2009-12-07,29.043966666666666,5.283306666666667
2009-12-08,33.44806666666667,6.154326666666667
2009-12-09,30.039266666666666,5.405643333333334
2009-12-10,34.2381,6.241243333333333
2009-12-11,29.741033333333334,5.486496666666667
2009-12-12,30.273,3.6327599999999998
2009-12-13,35.6469,4.277628
2009-12-14,29.914366666666666,5.325143333333333
2009-12-15,32.33526666666667,5.916766666666667
2009-12-16,23.2479,4.250126666666667
2009-12-17,28.619699999999998,5.132913333333334
2009-12-18,29.078433333333333,5.286646666666667
2009-12-19,36.7389,4.408668
2009-12-20,19.069433333333333,2.288332
2009-12-21,33.9161,6.094216666666667
2009-12-22,31.467033333333333,5.689286666666667
2009-12-23,24.253333333333334,3.892526666666667
2009-12-24,48.43156666666667,8.740683333333333
2009-12-25,35.4608,6.238266666666667
2009-12-26,36.393633333333334,4.367236
2009-12-27,36.59086666666666,4.390904
2009-12-28,34.90163333333333,6.413973333333334
2009-12-29,34.132799999999996,6.27691
2009-12-30,40.85183333333333,7.74181
2009-12-31,36.864866666666664,6.6862200000000005
2010-01-01,20.4042,3.490756666666667
2010-01-02,21.813933333333335,2.6176719999999998
2010-01-03,34.72423333333333,4.166907999999999
2010-01-04,26.735533333333333,4.6543866666666664
2010-01-05,36.99633333333333,6.7079200000000005
2010-01-06,29.619666666666667,5.325263333333334
2010-01-07,29.4907,5.24343
2010-01-08,29.953466666666667,5.539906666666667
2010-01-09,38.94833333333333,4.6738
2010-01-10,41.807766666666666,5.016932
2010-01-11,25.3114,4.521886666666667
2010-01-12,21.375633333333333,3.964026666666667
2010-01-14,10.308133333333334,1.7687466666666667
2010-01-15,36.61266666666667,6.849166666666667
2010-01-16,35.8352,4.300224
2010-01-17,31.775933333333334,3.813112
2010-01-18,31.351633333333332,5.497006666666667
2010-01-19,40.55846666666667,7.541883333333334
2010-01-20,39.19546666666667,7.036966666666667
2010-01-21,35.63093333333333,6.3749
2010-01-22,29.843766666666667,5.00607
2010-01-23,43.47516666666667,5.21702
2010-01-24,37.82366666666667,4.5388399999999995
2010-01-25,32.17516666666667,5.581903333333334
2010-01-26,34.4594,5.894636666666667
2010-01-27,46.015033333333335,8.021560000000001
2010-01-28,35.170566666666666,5.908133333333334
2010-01-29,34.88316666666667,6.131633333333333
2010-01-30,47.3788,5.685455999999999
2010-01-31,29.9866,3.598392
2010-02-01,28.229633333333332,4.776656666666667
2010-02-02,35.9572,6.249983333333334
2010-02-03,48.38356666666667,8.492896666666667
2010-02-04,38.6045,6.435473333333333
2010-02-05,34.98153333333333,5.920303333333334
2010-02-06,45.216433333333335,5.425972
2010-02-07,27.095133333333333,3.251416
2010-02-08,43.0373,7.87526
2010-02-09,40.348866666666666,6.615163333333333
2010-02-10,32.40903333333333,5.72804
2010-02-11,22.829466666666665,4.181853333333334
2010-02-12,31.549966666666666,5.60175
2010-02-13,39.1926,4.703112
2010-02-14,28.111633333333334,3.3733959999999996
2010-02-15,34.9522,6.279186666666667
2010-02-16,29.9626,5.53122
2010-02-17,34.242666666666665,6.394506666666667
2010-02-18,29.3526,5.4215333333333335
2010-02-19,32.559533333333334,5.7281200000000005
2010-02-20,33.062133333333335,3.967456
2010-02-21,45.6719,5.480627999999999
2010-02-22,24.567266666666665,4.29302
2010-02-23,24.354666666666667,4.2461400000000005
2010-02-24,31.904633333333333,5.856063333333333
2010-02-25,31.33673333333333,5.626483333333334
2010-02-26,35.33593333333333,6.218516666666667
2010-02-27,29.4176,3.530112
2010-02-28,11.8611,1.423332
2010-03-01,21.645466666666668,3.7777866666666666
2010-03-02,12.781766666666666,2.0137066666666668
2010-03-03,15.597233333333334,2.7139233333333332
2010-03-04,11.381333333333334,1.8402100000000001
2010-03-05,18.895433333333333,3.1887933333333334
2010-03-06,13.2452,1.589424
2010-03-07,22.874533333333332,2.744944
2010-03-08,42.6183,7.907663333333334
2010-03-09,29.3352,5.3362
2010-03-10,30.3772,5.53627
2010-03-11,32.518166666666666,5.741163333333334
2010-03-12,27.423733333333335,4.968866666666667
2010-03-13,39.716833333333334,4.76602
2010-03-14,26.1119,3.133428
2010-03-15,29.864166666666666,5.40956
2010-03-16,25.710833333333333,4.494716666666667
2010-03-17,33.4855,6.2015633333333335
2010-03-18,26.0447,4.63476
2010-03-19,27.723066666666668,4.886443333333333
2010-03-20,2.195533333333333,0.263464
2010-03-21,15.288033333333333,1.8345639999999999
2010-03-22,26.976499999999998,4.822586666666667
2010-03-23,30.369366666666664,5.5188733333333335
2010-03-24,33.245866666666664,6.0670633333333335
2010-03-25,27.998066666666666,4.896303333333334
2010-03-26,27.5214,4.910886666666667
2010-03-27,30.7995,3.69594
2010-03-28,29.970233333333333,3.596428
2010-03-29,27.04563333333333,4.919436666666667
2010-03-30,31.77423333333333,5.6753
2010-03-31,32.06336666666667,5.906353333333334
2010-04-01,28.124,4.90559
2010-04-02,27.477033333333335,4.995946666666667
2010-04-03,30.087966666666667,3.610556
2010-04-04,28.173133333333332,3.380776
2010-04-05,18.647,3.3484000000000003
2010-04-06,30.430866666666667,5.479563333333333
2010-04-07,26.616366666666668,4.75974
2010-04-08,27.487,4.900596666666667
2010-04-09,20.555833333333332,3.6594133333333336
2010-04-10,19.8368,2.380416
2010-04-11,26.7135,3.2056199999999997
2010-04-12,23.990433333333332,4.357456666666667
2010-04-13,25.211733333333335,4.5742
2010-04-14,27.672733333333333,4.988076666666667
2010-04-15,31.202966666666665,5.571106666666667
2010-04-16,26.034366666666667,4.7573
2010-04-17,25.961866666666666,3.115424
2010-04-18,24.601766666666666,2.952212
2010-04-19,28.476566666666667,5.268636666666667
2010-04-20,30.560466666666667,5.58792
2010-04-21,26.3319,4.564116666666667
2010-04-22,24.348399999999998,4.4341333333333335
2010-04-23,19.6756,3.5099733333333334
2010-04-24,25.306966666666668,3.0368359999999996
2010-04-25,25.712366666666668,3.0854839999999997
2010-04-26,18.045266666666667,3.041936666666667
2010-04-27,20.849,3.41407
2010-04-28,14.4643,2.5521533333333335
2010-04-29,18.3954,3.0146566666666668
2010-04-30,18.6438,3.3081033333333334
2010-05-01,22.002633333333332,2.640316
2010-05-02,36.46516666666667,4.37582
2010-05-03,23.5217,4.15925
2010-05-04,25.282666666666668,4.589743333333334
2010-05-05,30.088466666666665,5.437286666666667
2010-05-06,21.654166666666665,3.8662533333333333
2010-05-07,27.400066666666667,4.79483
2010-05-08,25.557033333333333,3.0668439999999997
2010-05-09,26.1085,3.1330199999999997
2010-05-10,24.464866666666666,4.248053333333334
2010-05-11,26.189466666666664,4.5134300000000005
2010-05-12,33.923633333333335,6.099766666666667
2010-05-13,25.874933333333335,4.687883333333334
2010-05-14,28.70243333333333,5.333803333333334
2010-05-15,32.412866666666666,3.889544
2010-05-16,35.0071,4.200851999999999
2010-05-17,27.136366666666667,4.907166666666667
2010-05-18,23.6864,4.228260000000001
2010-05-19,23.7792,4.13067
2010-05-20,19.231633333333335,3.449046666666667
2010-05-21,21.573266666666665,3.828116666666667
2010-05-22,34.92953333333333,4.1915439999999995
2010-05-23,24.7926,2.9751119999999998
2010-05-24,22.355533333333334,3.95106
2010-05-25,19.9771,3.6366400000000003
2010-05-26,23.1314,4.252863333333334
2010-05-27,22.055699999999998,3.9401100000000002
2010-05-28,23.302733333333332,4.06172
2010-05-29,34.163466666666665,4.099616
2010-05-30,27.761666666666667,3.3314
2010-05-31,22.341033333333332,3.98206
2010-06-01,21.1494,3.8684533333333335
2010-06-02,16.3483,2.82056
2010-06-03,23.236433333333334,4.199133333333333
2010-06-04,23.6759,4.065253333333334
2010-06-05,33.49406666666667,4.0192879999999995
2010-06-06,29.1132,3.493584
2010-06-07,16.868033333333333,2.9816533333333335
2010-06-08,22.700566666666667,4.100976666666667
2010-06-09,25.578033333333334,4.63611
2010-06-10,20.253166666666665,3.6299733333333335
2010-06-11,24.5112,4.323826666666667
2010-06-12,32.885133333333336,3.9462159999999997
2010-06-13,27.905933333333333,3.348712
2010-06-14,20.299733333333332,3.5768500000000003
2010-06-15,20.399433333333334,3.5341500000000003
2010-06-16,29.4682,5.00004
2010-06-17,17.133633333333332,2.9342233333333336
2010-06-18,22.205266666666667,3.998686666666667
2010-06-19,23.603666666666665,2.8324399999999996
2010-06-20,27.875833333333333,3.3451
2010-06-21,27.6815,4.950783333333334
2010-06-22,25.343133333333334,4.496313333333333
2010-06-23,24.034399999999998,4.401876666666666
2010-06-24,18.262999999999998,3.1173800000000003
2010-06-25,18.323966666666667,3.1891533333333335
2010-06-26,16.360333333333333,1.9632399999999999
2010-06-27,18.9994,2.279928
2010-06-28,24.522333333333332,4.167286666666667
2010-06-29,22.788266666666665,3.92356
2010-06-30,23.068933333333334,3.886976666666667
2010-07-01,22.483366666666665,3.687056666666667
2010-07-02,19.015466666666665,3.07479
2010-07-03,18.6679,2.240148
2010-07-04,25.6348,3.076176
2010-07-05,18.5665,3.13391
2010-07-06,16.765566666666665,3.0133533333333333
2010-07-07,13.913133333333333,2.3260433333333332
2010-07-08,20.210866666666668,3.4622200000000003
2010-07-09,18.057966666666665,2.8585733333333336
2010-07-10,19.241733333333332,2.309008
2010-07-11,19.892866666666666,2.3871439999999997
2010-07-12,18.4929,3.09119
2010-07-13,23.035233333333334,4.06515
2010-07-14,23.4912,3.7546600000000003
2010-07-15,27.219366666666666,4.229546666666667
2010-07-16,13.6676,2.209646666666667
2010-07-17,13.4392,1.612704
2010-07-18,13.533966666666666,1.6240759999999999
2010-07-19,13.352633333333333,2.1660633333333332
2010-07-20,14.263733333333333,2.3028166666666667
2010-07-21,17.7361,2.7787800000000002
2010-07-22,19.407433333333334,2.7258
2010-07-23,19.602633333333333,3.15052
2010-07-24,15.361133333333333,1.8433359999999999
2010-07-25,18.840166666666665,2.26082
2010-07-26,14.735833333333334,2.32662
2010-07-27,15.872666666666667,2.3779133333333333
2010-07-28,14.377566666666667,2.2927733333333333
2010-07-29,9.151733333333333,1.5515033333333335
2010-07-30,9.187666666666667,1.5560766666666668
2010-07-31,9.2436,1.109232
2010-08-01,9.261066666666666,1.1113279999999999
2010-08-02,9.158033333333334,1.4673800000000001
2010-08-03,10.253533333333333,1.6882533333333334
2010-08-04,9.055933333333334,1.4532666666666667
2010-08-05,8.891266666666667,1.4164233333333334
2010-08-06,8.745766666666666,1.3909333333333334
2010-08-07,8.791266666666667,1.054952
2010-08-08,8.807666666666666,1.0569199999999999
2010-08-09,8.917733333333333,1.4222466666666667
2010-08-10,9.0793,1.4504333333333335
2010-08-11,9.033366666666666,1.4435333333333333
2010-08-12,8.8283,1.4119766666666667
2010-08-13,8.9049,1.40767
2010-08-14,9.237833333333333,1.1085399999999999
2010-08-15,17.599766666666667,2.1119719999999997
2010-08-16,18.828833333333332,3.2783366666666667
2010-08-17,16.303366666666665,2.6531266666666666
2010-08-22,1.5556333333333332,0.18667599999999998
2010-08-23,12.760966666666667,2.155553333333333
2010-08-24,12.049133333333334,1.9984933333333335
2010-08-25,16.340133333333334,2.7306766666666666
2010-08-26,12.620866666666666,2.1427466666666666
2010-08-27,33.844166666666666,6.256443333333333
2010-08-28,24.0476,2.885712
2010-08-29,27.808,3.33696
2010-08-30,24.913366666666665,4.55218
2010-08-31,22.751766666666665,4.126110000000001
2010-09-01,26.5553,4.867913333333334
2010-09-02,23.208199999999998,4.19845
2010-09-03,22.44023333333333,3.8123400000000003
2010-09-04,29.064,3.4876799999999997
2010-09-05,22.0503,2.646036
2010-09-06,23.7146,4.23412
2010-09-07,24.197566666666667,4.17202
2010-09-08,21.7302,3.8107
2010-09-09,20.645233333333334,3.61778
2010-09-10,22.135133333333332,3.703866666666667
2010-09-11,24.3885,2.9266199999999998
2010-09-12,26.868199999999998,3.2241839999999997
2010-09-13,17.938666666666666,3.065716666666667
2010-09-14,23.844633333333334,4.3068100000000005
2010-09-15,16.4349,2.7254833333333335
2010-09-16,22.328966666666666,3.9248133333333337
2010-09-17,24.96013333333333,4.580163333333333
2010-09-18,20.7991,2.495892
2010-09-19,15.326666666666666,1.8392
2010-09-20,28.0472,5.086666666666667
2010-09-21,18.522933333333334,3.2628600000000003
2010-09-22,25.173233333333332,4.624623333333334
2010-09-23,24.164366666666666,4.3316300000000005
2010-09-24,22.1332,3.9580333333333333
2010-09-25,1.7667666666666666,0.21201199999999998
2010-09-28,7.840433333333333,1.36232
2010-09-29,28.073766666666668,4.918206666666667
2010-09-30,20.80463333333333,3.608986666666667
2010-10-01,25.080333333333332,4.479616666666667
2010-10-02,32.054233333333336,3.846508
2010-10-03,30.5114,3.661368
2010-10-04,29.599333333333334,5.166243333333334
2010-10-05,30.9104,5.575833333333334
2010-10-06,21.924266666666668,3.61021
2010-10-07,30.1659,5.451043333333334
2010-10-08,25.174266666666668,4.49435
2010-10-09,26.863,3.22356
2010-10-10,33.31506666666667,3.997808
2010-10-11,27.043166666666668,4.7621166666666666
2010-10-12,26.3282,4.7161
2010-10-13,34.564766666666664,6.281203333333334
2010-10-14,35.585366666666665,6.470126666666667
2010-10-15,26.6054,4.8243133333333335
2010-10-16,16.6669,2.000028
2010-10-17,17.456366666666668,2.094764
2010-10-18,45.2314,8.310226666666667
2010-10-19,32.09963333333333,5.741463333333334
2010-10-20,28.7994,5.14145
2010-10-21,22.58663333333333,3.794446666666667
2010-10-22,27.814866666666667,4.917216666666667
2010-10-23,38.2206,4.586472
2010-10-24,39.84246666666667,4.781096
2010-10-25,19.3882,3.324936666666667
2010-10-26,15.765066666666666,2.6812300000000002
2010-10-27,21.004633333333334,3.6606400000000003
2010-10-28,24.388766666666665,4.261163333333333
2010-10-29,20.0737,3.4211533333333337
2010-10-30,35.87833333333333,4.3054
2010-10-31,24.607166666666668,2.95286
2010-11-01,23.053,3.690936666666667
2010-11-02,19.851366666666667,3.03535
2010-11-03,21.554966666666665,3.756426666666667
2010-11-04,42.585766666666665,7.8592233333333334
2010-11-05,28.9348,5.298236666666667
2010-11-06,30.090133333333334,3.610816
2010-11-07,27.896933333333333,3.347632
2010-11-08,30.425666666666665,5.479066666666667
2010-11-09,33.701633333333334,6.014683333333333
2010-11-10,32.442233333333334,6.001363333333334
2010-11-11,29.559866666666668,5.489436666666667
2010-11-12,30.613699999999998,5.722253333333334
2010-11-13,33.719566666666665,4.046348
2010-11-14,33.9732,4.076784
2010-11-15,29.123033333333332,5.312790000000001
2010-11-16,25.162466666666667,4.528593333333333
2010-11-17,26.3672,4.746953333333334
2010-11-18,27.535866666666667,4.949106666666667
2010-11-19,26.173333333333332,4.806823333333334
2010-11-20,36.61676666666666,4.394012
2010-11-21,15.015166666666666,1.80182
2010-11-22,34.0256,6.375030000000001
2010-11-23,26.292266666666666,4.866146666666667
2010-11-24,29.937466666666666,5.578906666666667
2010-11-25,23.852733333333333,4.2084866666666665
2010-11-26,24.801733333333335,4.6851
